step,mean_training_reward
1,0.6568648219108582
2,0.6835668683052063
3,0.4379980266094208
4,0.7273055911064148
5,0.7357933521270752
6,0.5172981023788452
7,0.970000147819519
8,0.6220795512199402
9,0.7043899297714233
10,0.9666005373001099
11,0.9610388278961182
12,0.7605153918266296
13,0.5068750381469727
14,0.7907814383506775
15,0.956668496131897
16,0.9325001239776611
17,0.8367958068847656
18,0.970000147819519
19,0.6856250166893005
20,0.8948478698730469
21,0.8400000333786011
22,0.7001955509185791
23,0.9534240365028381
24,0.970000147819519
25,0.9618829488754272
26,0.7650001049041748
27,0.7064166069030762
28,0.6278592944145203
29,0.7648904919624329
30,0.9053125977516174
31,0.970000147819519
32,0.9539013504981995
33,0.7450000643730164
34,0.9495325684547424
35,0.611380934715271
36,0.7406250834465027
37,0.9624565243721008
38,0.889218807220459
39,0.9050000905990601
40,0.8925817012786865
41,0.8870834112167358
42,0.970000147819519
43,0.970000147819519
44,0.9659317135810852
45,0.6282349824905396
46,0.750504732131958
47,0.970000147819519
48,0.8400000333786011
49,0.7263270616531372
50,0.9682674407958984
51,0.9566965103149414
52,0.9050000905990601
53,0.923125147819519
54,0.970000147819519
55,0.7911363244056702
56,0.7945451736450195
57,0.916034460067749
58,0.96791672706604
59,0.970000147819519
60,0.970000147819519
61,0.6864701509475708
62,0.9204506278038025
63,0.9526382684707642
64,0.9617705345153809
65,0.6618853211402893
66,0.9527397155761719
67,0.970000147819519
68,0.9659065008163452
69,0.9205520749092102
70,0.7536880970001221
71,0.901698112487793
72,0.9659065008163452
73,0.9596353769302368
74,0.970000147819519
75,0.7574253082275391
76,0.9661643505096436
77,0.9659065008163452
78,0.8112316131591797
79,0.9618067741394043
80,0.8974378705024719
