step,training_reward,response_length_tokens
1,0.09718749672174454,71.5
2,0.10531249642372131,72.3125
3,0.09312500059604645,93.875
4,0.10875000059604645,64.9375
5,0.13437500596046448,63.8125
6,0.11125000566244125,70.5
7,0.11781250685453415,80.0
8,0.05156250298023224,45.5
9,0.10437500476837158,60.5
10,0.09031250327825546,76.0625
11,0.05781250074505806,65.8125
12,0.09000000357627869,67.25
13,0.04500000178813934,64.3125
14,0.10124999284744263,58.8125
15,0.10750000178813934,63.25
16,0.13062500953674316,70.8125
17,0.0806250050663948,56.125
18,0.05250000208616257,89.375
19,0.11249999701976776,80.125
20,0.09749999642372131,70.5
21,0.058125000447034836,64.0
22,0.09562499821186066,49.625
23,0.12562501430511475,65.8125
24,0.10249999165534973,70.625
25,0.08249999582767487,78.0
26,0.09343749284744263,87.5
27,0.1015625,58.0
28,0.08375000953674316,48.75
29,0.17218750715255737,91.375
30,0.10687500238418579,64.4375
31,0.08968749642372131,85.5
32,0.07406249642372131,46.5
33,0.13843750953674316,57.1875
34,0.10812500864267349,74.625
35,0.1003125011920929,86.5
36,0.11687500774860382,48.8125
37,0.10906250029802322,75.8125
38,0.09062499552965164,112.0
39,0.11031249910593033,61.8125
40,0.10437500476837158,69.5
41,0.08187499642372131,74.1875
42,0.07500000298023224,63.9375
43,0.06875000149011612,73.5
44,0.11156249791383743,53.9375
45,0.03750000149011612,60.5
46,0.07500000298023224,89.5
47,0.11249999701976776,74.4375
48,0.09000000357627869,55.0625
49,0.029999999329447746,61.5
50,0.09749999642372131,69.375
51,0.06000000238418579,46.375
52,0.029999999329447746,48.0
53,0.03750000149011612,66.5
54,0.09000000357627869,86.5
55,0.06000000238418579,62.0
56,0.10999999940395355,91.0625
57,0.08874998986721039,34.25
58,0.08999998867511749,67.0625
59,0.08999998867511749,56.0625
60,0.08249999582767487,62.8125
61,0.03750000149011612,57.0
62,0.06000000238418579,70.5
63,0.029999999329447746,69.0625
64,0.06749999523162842,74.0
65,0.08249999582767487,41.625
66,0.03750000149011612,75.125
67,0.07500000298023224,70.9375
68,0.06749999523162842,39.1875
69,0.10374999046325684,49.1875
70,0.044999998062849045,89.75
71,0.13500000536441803,93.8125
72,0.029999999329447746,97.6875
73,0.04500000178813934,69.9375
74,0.08249999582767487,62.75
75,0.07500000298023224,44.5
76,0.07500000298023224,88.9375
77,0.04500000178813934,77.0
78,0.10500000417232513,67.25
79,0.06750000268220901,54.6875
80,0.09749999642372131,90.375
81,0.13906249403953552,55.875
82,0.14999999105930328,78.875
83,0.14999999105930328,76.0
84,0.09749999642372131,76.4375
85,0.09312500059604645,61.6875
86,0.029999999329447746,52.8125
87,0.14999999105930328,73.5
88,0.14249999821186066,72.9375
89,0.1274999976158142,66.25
90,0.06750000268220901,69.125
91,0.1599999964237213,84.125
92,0.08999998867511749,76.3125
93,0.13374999165534973,64.5
94,0.12937501072883606,63.3125
95,0.07500000298023224,57.75
96,0.10374999046325684,82.5625
97,0.07500000298023224,72.5625
98,0.029999999329447746,54.4375
99,0.09312500059604645,50.125
100,0.04375000298023224,83.9375
101,0.10312500596046448,63.5
102,0.09937500953674316,72.625
103,0.09999999403953552,41.375
104,0.09218750894069672,72.5
105,0.11406250298023224,83.75
106,0.06750000268220901,40.9375
107,0.08187499642372131,43.125
108,0.1028125137090683,80.4375
109,0.14218750596046448,74.1875
110,0.09843750298023224,79.0
111,0.16218751668930054,83.0
112,0.10593749582767487,82.9375
113,0.08968749642372131,78.1875
114,0.12843750417232513,63.0
115,0.10468750447034836,71.0
116,0.08062499761581421,81.875
117,0.05281250178813934,51.0
118,0.12687499821186066,70.0625
119,0.06312499940395355,68.5
120,0.09437499940395355,70.625
